id,categoria,nome,descricao,estoque,preco,imagem
1,Conjuntos,Conjunto colar e brinco teste,"sssssssssssssssssssssssssssssssssssssssssssssssssssssssssss

ssssssssssssssssssssssssssssssssssssssssssssss",6,"120,00",midia_pecas/Captura de tela 2026-08-05 172005.png
2,Pulseiras, Pulseira teste,"aaaaaaaaaaaaaaaaaaaaaaaaaaaaaaaaaaaaaaaaa

aaaaaaaaaaaaa",4,"70,00",midia_pecas/Captura de tela 2026-08-05 165528.png
3,Brincos,brincos teste,"awwwwwwwwwwwwwwwwwwwwwwwwwww
wwwwwwwwW
Wwwwwwwwwwwwwww",9,"15,00",midia_pecas/Captura de tela 2026-08-05 171126.png
